{
  "slides": [
    {
      "title": "Luma Yoga",
      "subtitle": "New collection",
      "button_text": "Shop now",
      "image": "/assets/slide_01.jpg",
      "link": "/women.html"
    },
    {
      "title": "Luma Fitness",
      "subtitle": "Collection",
      "button_text": "Shop now",
      "image": "/assets/slide_02.jpg",
      "link": "/men.html"
    },
    {
      "title": "Luma Fitness",
      "subtitle": "What's new",
      "button_text": "Shop now",
      "image": "/assets/slide_03.jpg",
      "link": "/training.html"
    }
  ],
  "total": "3"
}