{
  "categories" : [
    {
      "title": "Industry",
      "subtitle":  "Some stuff about our industries serve",
      "text":  "",
      "image": "new-back.jpg",
      "titlelink": "",
      "cat": [
        {
          "title":"Fire & Rescue",
          "link":"e"
        },
        {
          "title": "Law Enforcement",
          "link": ""
        },
        {
          "title": "Security Screening",
          "link": ""
        },
        {
          "title": "Military",
          "link": ""
        },
        {
          "title": "HazMat Response",
          "link": ""
        },
        {
          "title": "Oil & Gas",
          "link": ""
        },
        {
          "title": "Environmental Quality",
          "link1": ""
        }
      ]
    },
    {
      "title": "Hazard",
      "subtitle":  "",
      "text":  "",
      "image": "new-back.jpg",
      "titlelink": "",
      "cat": [
        {
          "title": "Confined Space",
          "link": ""
        },
        {
          "title": "Biohazard",
          "link": ""
        },
        {
          "title": "Narcotics",
          "link": ""
        },
        {
          "title": "Explosives",
          "link": ""
        },
        {
          "title": "Particulates",
          "link": ""
        },
        {
          "title": "Radiation",
          "link": ""
        },
        {
          "title": "Chemical",
          "link": ""
        },
        {
          "title": "Water Rescue",
          "link": ""
        },
        {
          "title": "Fall Protection",
          "link": ""
        },
        {
          "title": "Leaks & Spills",
          "link": ""
        }
      ]
    },
    {
      "title": "Brand",
      "subtitle":  "",
      "text":  "",
      "image": "new-back.jpg",
      "titlelink": "",
      "cat": [
        {
          "title": "Honeywell",
          "link": ""
        },
        {
          "title": "RAE Systems",
          "link": ""
        },
        {
          "title": "Solinst",
          "link": ""
        },
        {
          "title": "Smiths Detection",
          "link": ""
        },
        {
          "title": "Horiba",
          "link": ""
        },
        {
          "title": "YSI",
          "link": ""
        },
        {
          "title": "Rigaku",
          "link": ""
        }
      ]
    }
  ]
}
