{
    "promos": [
      {
        "image": "ny.jpg",
        "title": "Promo 1",
        "subtitle": "The types of equipment and products we distribute have grown; our commitment to quality, excellence, and customer service are stronger than ever.",
        "button_text": "Learn More",
        "link": "/women.html"
      },

      {
        "image": "ny.jpg",
        "title": "Promo 2",
        "subtitle": "High-quality equipment, supplies, training, and 24/7 support with knowledgeable staff who, in some instances, have been in the fire industry for years themselves.",
        "button_text": "Learn More",
        "link": "/women.html"
      },

      {
        "image": "ny.jpg",
        "title": "Promo 3",
        "subtitle": "Police officers, now more than ever, need handheld illicit drug identification technology, PPE, and gear that is reliable and affordable.",
        "button_text": "Learn More",
        "link": "/women.html"
      },
            {
        "image": "ny.jpg",
        "title": "Promo 3",
        "subtitle": "Police officers, now more than ever, need handheld illicit drug identification technology, PPE, and gear that is reliable and affordable.",
        "button_text": "Learn More",
        "link": "/women.html"
      },
            {
        "image": "ny.jpg",
        "title": "Promo 3",
        "subtitle": "Police officers, now more than ever, need handheld illicit drug identification technology, PPE, and gear that is reliable and affordable.",
        "button_text": "Learn More",
        "link": "/women.html"
      }

    ],
  "total": "5"
  }
