{
    "blog": [
      {
        "image": "ny.jpg",
        "title": "Blog 1 Title",
        "subtitle": "The types of equipment and products we distribute have grown; our commitment to quality ...",
        "description": "this is a text that explains stuff ya know?",
        "button_text": "Learn More",
        "link": "/women.html",
        "date": "Jan. 15th 2021",
        "name": "FarrWest"
      },

      {
        "image": "ny.jpg",
        "title": "Blog 2 Title",
        "subtitle": "High-quality equipment, supplies, training, and 24/7 support with knowledgeable staff who ...",
        "description": "this is a text that explains stuff ya know?",
        "button_text": "Learn More",
        "link": "/women.html",
        "date": "Jan. 15th 2021",
        "name": "FarrWest"
      }

    ],
  "total": "2"
  }
