{
    "slide": [
      {
        "image": "banner.png",
        "title": "Comprehensive Solutions Since 2004",
        "subtitle": "The types of equipment and products we distribute have grown; our commitment to quality, excellence, and customer service are stronger than ever.",
        "button_text": "Our Story",
        "link": "/women.html"
      },

      {
        "image": "banner.png",
        "title": "Fire & Rescue",
        "subtitle": "High-quality equipment, supplies, training, and 24/7 support with knowledgeable staff who, in some instances, have been in the fire industry for years themselves.",
        "button_text": "Learn More",
        "link": "/women.html"
      },

      {
        "image": "banner.png",
        "title": "Law Enforcement",
        "subtitle": "Police officers, now more than ever, need handheld illicit drug identification technology, PPE, and gear that is reliable and affordable.",
        "button_text": "Learn More",
        "link": "/women.html"
      },

      {
        "title": "Security Screening",
        "subtitle": "Keep contraband under control by using the highest-quality and reliable x-ray machines and screening solutions on the market.",
        "image": "banner.png",
        "button_text": "Learn More",
        "link": "/women.html"
      },

      {
        "title": "Military",
        "subtitle": "Proper countermeasure equipment and training can ensure an effective response to chemical warfare agents (CWA) and weapons of mass destruction (WMD) and is an essential part of preparedness.",
        "image": "banner.png",
        "button_text": "Learn More",
        "link": "/women.html"
      },

      {
        "title": "Oil & Gas",
        "subtitle": "Keep your operation running smoothly by utilizing a wide variety of gas detection, safety products, and hi-vis clothing needed whether you drill, pump or transport.",
        "image": "banner.png",
        "button_text": "Learn More",
        "link": "/women.html"
      },

      {
        "title": "Environmental Quality",
        "subtitle": " Buying new or renting, find the highest quality and latest environmental instrumentation and field supplies for your upcoming project.",
        "image": "banner.png",
        "button_text": "Learn More",
        "link": "/women.html"
      }
    ],
  "total": "7"
  }
  
