{
    "services": [
      {
        "image": "la.jpg",
        "title": "Equipment Training Courses",
        "text": "The types of equipment and products we distribute have grown; our commitment to quality, excellence, and customer service are stronger than ever.",
        "button_text": "Learn More",
        "link": "/women.html"
      },

      {
        "image": "la.jpg",
        "title": "Service & Maintenace Programs",
        "text": "High-quality equipment, supplies, training, and 24/7 support with knowledgeable staff who, in some instances, have been in the fire industry for years themselves.",
        "button_text": "Learn More",
        "link": "/women.html"
      },

      {
        "image": "la.jpg",
        "title": "Equipment Repair",
        "text": "Police officers, now more than ever, need handheld illicit drug identification technology, PPE, and gear that is reliable and affordable.",
        "button_text": "Learn More",
        "link": "/women.html"
      },

      {
        "title": "Rental Equipment",
        "text": "Keep contraband under control by using the highest-quality and reliable x-ray machines and screening solutions on the market.",
        "image": "la.jpg",
        "button_text": "Learn More",
        "link": "/women.html"
      },

      {
        "title": "Purchasing Solutions",
        "text": "Proper countermeasure equipment and training can ensure an effective response to chemical warfare agents (CWA) and weapons of mass destruction (WMD) and is an essential part of preparedness.",
        "image": "la.jpg",
        "button_text": "Learn More",
        "link": "/women.html"
      },

      {
        "title": "Vehicle Upfitting",
        "text": "Keep your operation running smoothly by utilizing a wide variety of gas detection, safety products, and hi-vis clothing needed whether you drill, pump or transport.",
        "image": "la.jpg",
        "button_text": "Learn More",
        "link": "/women.html"
      }

    ],
  "total": "6"
  }
  
