{
  "mainBanners": [
    {
      "title": "Lässige Büro",
      "subtitle": "Kollektion",
      "image": "/assets/ban1.jpg",
      "link": "/women/frauen-20"
    }
  ],
  "smallBanners": [
    {
      "title": "Glänzen Sie mit",
      "subtitle": "Accessoires",
      "image": "/assets/ban2.jpg",
      "link": "/men/herren-11"
    },
    {
      "title": "Der Frühling kommt",
      "subtitle": "Hüte",
      "image": "/assets/ban3.jpg",
      "link": "/gear/gerat-3"
    }
  ],
  "productBanners": [
    {
      "title": "Der Frühling kommt",
      "subtitle": "Hüte",
      "image": "/assets/ban3.jpg",
      "link": "/gear/gerat-3"
    }
  ]
}
