{
  "mainBanners": [
    {
      "title": "Ufficio casual",
      "subtitle": "Collezione",
      "image": "/assets/ban1.jpg",
      "link": "/women/la-donne-20"
    }
  ],
  "smallBanners": [
    {
      "title": "Brilla",
      "subtitle": "Accessori",
      "image": "/assets/ban2.jpg",
      "link": "/men/signori-11"
    },
    {
      "title": "La primavera sta arrivando",
      "subtitle": "Cappelli",
      "image": "/assets/ban3.jpg",
      "link": "/gear/equipaggiamento-3"
    }
  ],
  "productBanners": [
    {
      "title": "La primavera sta arrivando",
      "subtitle": "Cappelli",
      "image": "/assets/ban3.jpg",
      "link": "/gear/equipaggiamento-3"
    }
  ]
}
